{"val-aux//reward/worst@8/std":4.633618016798653e-06,"val-aux//reward/std@16":3.0000011126200358e-05,"val-aux//reward/best@8/std":2.6805979426045983e-06,"val-aux//reward/worst@8/mean":-0.5261696393162012,"val-aux//reward/worst@4/mean":-0.5261663993149995,"val-aux//reward/worst@16/mean":-0.5261699993163347,"val-aux//reward/best@2/std":2.6383368176112747e-05,"_wandb":{"runtime":114},"val-aux//reward/worst@16/std":0,"_step":0,"_timestamp":1.75507756330359e+09,"val-core//reward/mean@16":-0.5261399993052085,"val-aux//reward/worst@4/std":1.4249215789097867e-05,"val-aux//reward/best@2/mean":-0.5261257192999125,"val-aux//reward/worst@2/mean":-0.5261561393111944,"val-aux//reward/best@8/mean":-0.5261101192941269,"val-aux//reward/best@4/mean":-0.5261142592956622,"val-core//reward/best@16/mean":-0.5261099992940823,"_runtime":114.647490921,"val-aux//reward/best@4/std":1.5409496297074883e-05,"val-aux//reward/worst@2/std":2.528835452035963e-05,"val-core//reward/best@16/std":0}