{"val-aux//reward/std@8":0.004593467079745736,"val-aux//reward/worst@8/std":0.0007657989078217728,"val-aux//reward/worst@2/mean":-0.45428798423024513,"val-aux//reward/best@4/std":0.0020799468507602436,"val-aux//reward/best@4/mean":-0.4480503751807535,"_wandb":{"runtime":47},"val-aux//reward/worst@4/std":0.0022989835244023025,"val-aux//reward/best@2/std":0.003996411635249203,"_timestamp":1.7550861349667487e+09,"val-aux//reward/worst@4/mean":-0.45610248386586705,"val-core//reward/best@8/std":0.0005066473872199418,"_step":0,"val-core//reward/mean@8":-0.4520550045805673,"val-aux//reward/worst@8/mean":-0.4566937136406079,"val-core//reward/best@8/mean":-0.44755739525302,"val-aux//reward/worst@2/std":0.004044665486019095,"val-aux//reward/best@2/mean":-0.4499029249325394,"_runtime":47.444265465}