{"val-aux//reward/best@4/std":0,"val-aux//reward/worst@2/mean":-0.5166000004780168,"_runtime":135.80488911,"val-core//reward/mean@16":-0.5166000004780168,"_timestamp":1.7550756144677281e+09,"_wandb":{"runtime":135},"val-aux//reward/best@2/std":0,"val-aux//reward/worst@8/mean":-0.5166000004780168,"val-aux//reward/best@8/std":0,"val-aux//reward/worst@8/std":0,"val-aux//reward/best@2/mean":-0.5166000004780168,"_step":0,"val-aux//reward/worst@4/std":0,"val-aux//reward/worst@4/mean":-0.5166000004780168,"val-aux//reward/worst@2/std":0,"val-aux//reward/best@8/mean":-0.5166000004780168,"val-aux//reward/worst@16/mean":-0.5166000004780168,"val-aux//reward/std@16":0,"val-aux//reward/worst@16/std":0,"val-aux//reward/best@4/mean":-0.5166000004780168,"val-core//reward/best@16/std":0,"val-core//reward/best@16/mean":-0.5166000004780168}