{"val-aux//reward/worst@4/std":0,"val-aux//reward/worst@8/mean":-0.5614999968558549,"_wandb":{"runtime":100},"_timestamp":1.7550760407079298e+09,"val-aux//reward/best@2/std":0,"val-aux//reward/std@16":0,"val-core//reward/mean@16":-0.5614999968558549,"_step":0,"_runtime":100.80135928,"val-aux//reward/worst@2/std":0,"val-aux//reward/worst@4/mean":-0.5614999968558549,"val-aux//reward/best@4/mean":-0.5614999968558549,"val-aux//reward/worst@16/mean":-0.5614999968558549,"val-core//reward/best@16/mean":-0.5614999968558549,"val-core//reward/best@16/std":0,"val-aux//reward/worst@2/mean":-0.5614999968558549,"val-aux//reward/worst@8/std":0,"val-aux//reward/best@8/std":0,"val-aux//reward/best@4/std":0,"val-aux//reward/worst@16/std":0,"val-aux//reward/best@2/mean":-0.5614999968558549,"val-aux//reward/best@8/mean":-0.5614999968558549}