{"_wandb":{"runtime":82},"val-core//reward/mean@16":-0.6010299994299809,"val-aux//reward/best@2/std":0.000958595309975667,"val-core//reward/best@16/std":0,"val-aux//reward/worst@4/std":0.0005177212907420736,"_step":0,"val-aux//reward/best@8/std":9.73950178975894e-05,"_timestamp":1.7550764614671805e+09,"val-aux//reward/std@16":0.0010899999489386877,"val-aux//reward/best@8/mean":-0.599944359480838,"val-aux//reward/worst@2/mean":-0.6016164194025099,"val-aux//reward/best@2/mean":-0.600511159454286,"val-aux//reward/worst@4/mean":-0.6019891993850469,"val-aux//reward/worst@16/mean":-0.6021199993789196,"val-aux//reward/best@4/mean":-0.6000947794737915,"_runtime":82.023049313,"val-core//reward/best@16/mean":-0.5999399994810423,"val-aux//reward/worst@8/mean":-0.6021069193795323,"val-aux//reward/worst@8/std":0.0001683547176187866,"val-aux//reward/best@4/std":0.0005598781315888751,"val-aux//reward/worst@16/std":0,"val-aux//reward/worst@2/std":0.000918809830435772}