{"val-aux//reward/best@4/mean":-0.4926656180366874,"_step":0,"val-aux//reward/best@2/mean":-0.49270763808389506,"_timestamp":1.7550779204755754e+09,"val-core//reward/best@16/std":0,"_wandb":{"runtime":113},"val-aux//reward/worst@4/mean":-0.49285679825146994,"val-aux//reward/worst@4/std":5.224716388035564e-05,"val-aux//reward/worst@2/std":9.272403635719037e-05,"val-core//reward/mean@16":-0.49275999814271926,"_runtime":113.811421021,"val-aux//reward/std@16":0.00011000012358029684,"val-core//reward/best@16/mean":-0.49264999801913895,"val-aux//reward/worst@16/std":0,"val-aux//reward/worst@16/mean":-0.49286999826629957,"val-aux//reward/worst@8/std":1.6989945514606798e-05,"val-aux//reward/best@8/std":9.8288665199219e-06,"val-aux//reward/worst@2/mean":-0.49281917820920546,"val-aux//reward/best@2/std":9.673908944994604e-05,"val-aux//reward/best@8/mean":-0.4926504380196333,"val-aux//reward/worst@8/mean":-0.4928686782648166,"val-aux//reward/best@4/std":5.6501528944701055e-05}