{"_timestamp":1.755077067952913e+09,"val-aux//reward/worst@16/std":0,"val-core//reward/best@16/std":0,"_runtime":71.485933978,"val-aux//reward/best@2/mean":-0.5983100003252427,"val-aux//reward/worst@2/std":0,"val-aux//reward/best@8/std":0,"val-aux//reward/worst@4/std":0,"val-core//reward/best@16/mean":-0.5983100003252427,"val-core//reward/mean@16":-0.5983100003252427,"val-aux//reward/std@16":0,"val-aux//reward/worst@8/std":0,"val-aux//reward/best@4/std":0,"val-aux//reward/best@2/std":0,"val-aux//reward/worst@8/mean":-0.5983100003252427,"val-aux//reward/best@4/mean":-0.5983100003252427,"val-aux//reward/worst@4/mean":-0.5983100003252427,"_wandb":{"runtime":71},"_step":0,"val-aux//reward/best@8/mean":-0.5983100003252427,"val-aux//reward/worst@2/mean":-0.5983100003252427,"val-aux//reward/worst@16/mean":-0.5983100003252427}