{"actor/ppo_kl":-7.980214286362752e-05,"training/rollout_probs_diff_valid":1,"critic/rewards/max":-0.009600000455975533,"_wandb":{"runtime":76824},"critic/rewards/min":-1.0019999742507935,"perf/total_num_tokens":18533,"timing_s/update_actor":1.7134856525808573,"actor/pg_clipfrac_lower":0,"timing_s/generate_sequences":7.032567501068115,"perf/mfu/actor":0.05111525594688012,"response_length/min":380,"critic/advantages/mean":-0.08766607195138931,"_step":3674,"val-aux//reward/std@2":0,"perf/max_memory_reserved_gb":56.109375,"critic/advantages/min":-0.7071056962013245,"timing_s/gen":23.887797106057405,"training/rollout_actor_probs_pearson_corr":0.9968195557594299,"timing_s/old_log_prob":1.4485125001519918,"timing_s/step":27.400857297703624,"global_seqlen/max":5535,"training/rollout_probs_diff_mean":0.00293932668864727,"training/global_step":3674,"val-core//reward/best@2/mean":-0.5356199991113196,"prompt_length/clip_ratio":0,"_runtime":76824.8873964,"val-aux//reward/worst@2/mean":-0.5356199991113196,"timing_s/reward":0.016728824004530907,"timing_s/reshard":2.3460710048675537,"critic/returns/max":0.7071056962013245,"critic/returns/mean":-0.08766607195138931,"response_length/clip_ratio":0.0625,"actor/kl_coef":0.001,"training/epoch":0,"timing_s/ref":0.33119625970721245,"prompt_length/min":85,"training/rollout_probs_diff_max":0.17917901277542114,"timing_per_token_ms/ref":0.017870623196849535,"timing_per_token_ms/update_actor":0.09245592470624601,"val-core//reward/best@2/std":0,"actor/pg_clipfrac":0.0014378598425537348,"global_seqlen/balanced_min":1720,"actor/lr":1e-06,"global_seqlen/mean":2316.625,"timing_s/adv":0.0012706778943538666,"critic/score/max":-0.009600000455975533,"timing_per_token_ms/adv":6.856299003689994e-05,"perf/throughput":84.54571237791706,"prompt_length/mean":126.375,"timing_s/testing":88.502202257514,"perf/cpu_memory_used_gb":118.6121711730957,"actor/entropy":0.07286469638347626,"timing_s/generation_timing/max":21.46697425842285,"timing_s/start_profile":7.479824125766754e-05,"response_length/mean":1031.9375,"critic/rewards/mean":-0.40040627121925354,"timing_s/save_checkpoint":2.9974961914122105,"actor/pg_loss":0.7076519131660461,"perf/max_memory_allocated_gb":52.5284309387207,"timing_per_token_ms/gen":1.446780758649228,"critic/advantages/max":0.7071056962013245,"timing_s/generation_timing/topk_ratio":0.125,"timing_s/stop_profile":4.2535364627838135e-05,"_timestamp":1.7552336306411963e+09,"global_seqlen/balanced_max":4852,"prompt_length/max":260,"val-aux//reward/worst@2/std":0,"val-core//reward/mean@2":-0.5356199991113196,"global_seqlen/min":1030,"critic/score/min":-1.0019999742507935,"critic/returns/min":-0.7071056962013245,"actor/grad_norm":1.34765625,"critic/score/mean":-0.40040627121925354,"response_length/max":4096,"global_seqlen/minmax_diff":4505,"timing_s/generation_timing/min":2.0933520793914795,"training/rollout_probs_diff_std":0.011201531626284122,"perf/time_per_step":27.400857297703624,"actor/kl_loss":0.011346248909831047}