{"val-aux//reward/best@2/std":0,"val-core//reward/best@16/std":0,"val-core//reward/best@16/mean":-0.5711199988921484,"_step":0,"val-aux//reward/best@8/mean":-0.5711199988921484,"val-aux//reward/worst@4/mean":-0.5711199988921484,"val-core//reward/mean@16":-0.5711199988921484,"val-aux//reward/worst@16/mean":-0.5711199988921484,"_runtime":86.296761032,"_timestamp":1.7550768530245028e+09,"val-aux//reward/std@16":0,"val-aux//reward/worst@2/std":0,"val-aux//reward/worst@4/std":0,"val-aux//reward/best@4/std":0,"_wandb":{"runtime":86},"val-aux//reward/best@4/mean":-0.5711199988921484,"val-aux//reward/worst@16/std":0,"val-aux//reward/best@2/mean":-0.5711199988921484,"val-aux//reward/worst@8/std":0,"val-aux//reward/best@8/std":0,"val-aux//reward/worst@8/mean":-0.5711199988921484,"val-aux//reward/worst@2/mean":-0.5711199988921484}